Признак,F-статистика,p-value,Значимость
ТШХ тест шестиминутной ходьбы,7.901665717808594,0.0009356699489815255,***
СКФ,4.674888666523435,0.013182825377897016,*
ФВ до,0.48556619554919156,0.6178706236309672,n.s.
Креатинин,0.6653834210346552,0.5180233530628118,n.s.
ИМТ,2.9817825371479123,0.05866621130578338,n.s.
Время от начала симптомов до первого обращения за мед. помощью (час),0.6938495470827812,0.503819059582347,n.s.
Возраст на момент регистрации (полных лет),4.713353423233926,0.012754569227651526,*
